peer_delay_ms,mode,trials,violations,violation_rate_pct,wilson_low_pct,wilson_high_pct
0,causal,30,0,0.0,0.0,11.351339317396876
0,eventual,30,30,100.0,88.64866068260312,99.99999999999999
0,strong,30,0,0.0,0.0,11.351339317396876
5,causal,30,0,0.0,0.0,11.351339317396876
5,eventual,30,30,100.0,88.64866068260312,99.99999999999999
5,strong,30,0,0.0,0.0,11.351339317396876
20,causal,30,0,0.0,0.0,11.351339317396876
20,eventual,30,30,100.0,88.64866068260312,99.99999999999999
20,strong,30,0,0.0,0.0,11.351339317396876
