peer_delay_ms,mode,checks,passes,pass_rate_pct,wilson_low_pct,wilson_high_pct,mean_elapsed_ms,max_elapsed_ms
0,causal,15,15,100.0,79.61166989641515,100.0,1149.4,5830
0,eventual,15,15,100.0,79.61166989641515,100.0,1550.9333333333334,10779
0,strong,15,15,100.0,79.61166989641515,100.0,2148.266666666667,10786
5,causal,15,15,100.0,79.61166989641515,100.0,1161.0666666666666,5808
5,eventual,15,14,93.33333333333333,70.18347012621999,98.81331045067316,2143.9333333333334,15106
5,strong,15,14,93.33333333333333,70.18347012621999,98.81331045067316,2702.866666666667,15097
20,causal,15,14,93.33333333333333,70.18347012621999,98.81331045067316,2422.133333333333,15098
20,eventual,15,15,100.0,79.61166989641515,100.0,1446.0666666666666,10868
20,strong,15,15,100.0,79.61166989641515,100.0,3814.8,10871
