mode,workload,runs,throughput_ops_mean,throughput_ops_sd,throughput_ops_ci95,latency_p50_ms_mean,latency_p50_ms_sd,latency_p50_ms_ci95,latency_p95_ms_mean,latency_p95_ms_sd,latency_p95_ms_ci95,latency_p99_ms_mean,latency_p99_ms_sd,latency_p99_ms_ci95,latency_avg_ms_mean,latency_avg_ms_sd,latency_avg_ms_ci95,operations,errors
causal,workload_a,5,3457.5879999999997,80.0296277637226,99.36990758386277,0.2613606,0.0038146950467894546,0.004736569503724689,0.4312154,0.03183899643990055,0.03953333561836232,0.6957475999999999,0.07757918435250528,0.09632728022051859,0.2830994,0.00675831982078386,0.008391562409814235,50000,0
causal,workload_b,5,4288.612000000001,119.29947430730797,148.12986225201925,0.2140642,0.0038388760334243663,0.004766594164270306,0.3272634,0.02887266175467721,0.035850144633097415,0.5328906,0.059467843800662556,0.0738390806980876,0.22790779999999997,0.0063098132856686025,0.007834667992202506,50000,0
causal,workload_c,5,4498.794,188.40918111918006,233.94089712673824,0.2087146,0.008629809140415563,0.010715323321023778,0.2981392,0.02732436942913779,0.03392768579377993,0.4118274,0.06854418708249446,0.08510884938647686,0.2173256,0.008831530546853133,0.010965793529064335,50000,0
eventual,workload_a,5,3979.9980000000005,419.244749245593,520.5611115742175,0.23100779999999999,0.018741915689171156,0.02327116196861411,0.3544038,0.05861017573510593,0.07277414513867686,0.5675741999999999,0.18015893590299648,0.22369686466545025,0.247742,0.026072269387224425,0.032372998249586685,50000,0
eventual,workload_b,5,4435.742,189.73350144347197,235.58525799550105,0.2094266,0.005618923500102133,0.006976815018737902,0.3064786,0.032295562223005184,0.040100236914055065,0.43505659999999996,0.08309747784860862,0.10317914658615208,0.220459,0.009384699968565858,0.01165264408491222,50000,0
eventual,workload_c,5,4554.174,217.3336362140016,269.85535168563956,0.2055436,0.006623625464954973,0.008224317277420259,0.2926778,0.030196890546875847,0.03749439184975531,0.391951,0.08974798753732587,0.11143684503633763,0.2147572,0.010718011345394256,0.013308168819915535,50000,0
strong,workload_a,5,2442.14,69.3973781925513,86.16822607142196,0.42023679999999997,0.02210371425122936,0.027445386212334968,0.6749206,0.025569344189869243,0.03174853413824123,0.9516049999999999,0.07028864989455978,0.08727488605642368,0.4038704,0.011779741138921516,0.014626480480358653,50000,0
strong,workload_b,5,3969.1479999999997,233.28171492853875,289.6575068660001,0.21678799999999998,0.0067335118994474195,0.008360759307020505,0.5013922,0.03545920320875809,0.04402841602930631,0.7447761999999999,0.1000995487986834,0.12429000597976601,0.2471946,0.014946443148789615,0.01855846035905137,50000,0
strong,workload_c,5,4314.4980000000005,293.4792194858096,364.40258105647035,0.21434399999999998,0.009042671065564643,0.011227959109710486,0.3227658,0.0476509000932826,0.05916640712783339,0.476054,0.11424479168215941,0.14185364481402618,0.227176,0.015290341036092033,0.01898546598477312,50000,0
